{"cameraMode":{"drawMode":0,"name":"Shaded","section":"Shading Mode"},"sceneLighting":false,"audioPlay":false,"sceneViewState":{"showFog":false,"showMaterialUpdate":false,"showSkybox":false,"showFlares":false,"showImageEffects":false,"showParticleSystems":false},"in2DMode":false,"pivot":{"x":6.920000076293945,"y":7.057538986206055,"z":72.62947082519531},"rotation":{"x":0.10123752802610398,"y":0.8674805164337158,"z":-0.19752943515777589,"w":0.4453822076320648},"size":17.072771072387697,"orthographic":false}