{"cameraMode":{"drawMode":0,"name":"Shaded","section":"Shading Mode"},"sceneLighting":false,"audioPlay":false,"sceneViewState":{"showFog":false,"showMaterialUpdate":false,"showSkybox":false,"showFlares":false,"showImageEffects":false,"showParticleSystems":false},"in2DMode":false,"pivot":{"x":1.489285945892334,"y":0.33957386016845705,"z":4.514843940734863},"rotation":{"x":0.14694541692733766,"y":-0.1901223361492157,"z":0.028871728107333185,"w":0.9703481793403626},"size":8.258726119995118,"orthographic":false}