{"cameraMode":{"drawMode":0,"name":"Shaded","section":"Shading Mode"},"sceneLighting":false,"audioPlay":false,"sceneViewState":{"showFog":false,"showMaterialUpdate":false,"showSkybox":false,"showFlares":false,"showImageEffects":false,"showParticleSystems":false},"in2DMode":false,"pivot":{"x":7.19721794128418,"y":6.990368843078613,"z":60.41062927246094},"rotation":{"x":-0.23329901695251466,"y":0.4988698363304138,"z":-0.14143595099449159,"w":-0.8226945400238037},"size":17.132455825805665,"orthographic":false}