{"cameraMode":{"drawMode":0,"name":"Shaded","section":"Shading Mode"},"sceneLighting":false,"audioPlay":false,"sceneViewState":{"showFog":false,"showMaterialUpdate":false,"showSkybox":false,"showFlares":false,"showImageEffects":false,"showParticleSystems":false},"in2DMode":false,"pivot":{"x":6.5675950050354,"y":8.46997356414795,"z":71.95036315917969},"rotation":{"x":0.01659691333770752,"y":0.9826714992523193,"z":-0.10983873158693314,"w":0.14881935715675355},"size":0.20619739592075349,"orthographic":false}