{"cameraMode":{"drawMode":0,"name":"Shaded","section":"Shading Mode"},"sceneLighting":false,"audioPlay":false,"sceneViewState":{"showFog":false,"showMaterialUpdate":false,"showSkybox":false,"showFlares":false,"showImageEffects":false,"showParticleSystems":false},"in2DMode":false,"pivot":{"x":-29.3700008392334,"y":0.8000000715255737,"z":21.060001373291017},"rotation":{"x":0.1262398213148117,"y":0.873693585395813,"z":-0.33968204259872439,"w":0.32467058300971987},"size":24.349172592163087,"orthographic":false}