{"cameraMode":{"drawMode":0,"name":"Shaded","section":"Shading Mode"},"sceneLighting":false,"audioPlay":false,"sceneViewState":{"showFog":false,"showMaterialUpdate":false,"showSkybox":false,"showFlares":false,"showImageEffects":false,"showParticleSystems":false},"in2DMode":false,"pivot":{"x":3.9000000953674318,"y":0.562999963760376,"z":1.6599998474121094},"rotation":{"x":-0.02158474177122116,"y":0.9585301280021668,"z":-0.07519641518592835,"w":-0.27427858114242556},"size":5.7157673835754398,"orthographic":false}