{"cameraMode":{"drawMode":0,"name":"Shaded","section":"Shading Mode"},"sceneLighting":false,"audioPlay":false,"sceneViewState":{"showFog":false,"showMaterialUpdate":false,"showSkybox":false,"showFlares":false,"showImageEffects":false,"showParticleSystems":false},"in2DMode":false,"pivot":{"x":0.024007558822631837,"y":-0.33278214931488039,"z":0.42329955101013186},"rotation":{"x":-0.22570878267288209,"y":0.7516475319862366,"z":-0.5312933921813965,"w":-0.3192891776561737},"size":3.0485281944274904,"orthographic":false}