{"cameraMode":{"drawMode":0,"name":"Shaded","section":"Shading Mode"},"sceneLighting":false,"audioPlay":false,"sceneViewState":{"showFog":false,"showMaterialUpdate":false,"showSkybox":false,"showFlares":false,"showImageEffects":false,"showParticleSystems":false},"in2DMode":false,"pivot":{"x":-0.33814191818237307,"y":1.5116608142852784,"z":1.469777226448059},"rotation":{"x":0.2315014898777008,"y":0.5947157740592957,"z":-0.18417544662952424,"w":0.747585654258728},"size":4.964837551116943,"orthographic":false}