{"cameraMode":{"drawMode":0,"name":"Shaded","section":"Shading Mode"},"sceneLighting":false,"audioPlay":false,"sceneViewState":{"showFog":false,"showMaterialUpdate":false,"showSkybox":false,"showFlares":false,"showImageEffects":false,"showParticleSystems":false},"in2DMode":false,"pivot":{"x":0.0,"y":0.9864152669906616,"z":3.1695706844329836},"rotation":{"x":0.00558603648096323,"y":-0.6936436295509338,"z":0.005457961466163397,"w":0.7203797101974487},"size":3.8517234325408937,"orthographic":false}