{"cameraMode":{"drawMode":0,"name":"Shaded","section":"Shading Mode"},"sceneLighting":false,"audioPlay":false,"sceneViewState":{"showFog":false,"showMaterialUpdate":false,"showSkybox":false,"showFlares":false,"showImageEffects":false,"showParticleSystems":false},"in2DMode":false,"pivot":{"x":3.2200992107391359,"y":1.8281711339950562,"z":1.8483777046203614},"rotation":{"x":-0.23329901695251466,"y":0.4988698363304138,"z":-0.14143595099449159,"w":-0.8226945400238037},"size":5.7157673835754398,"orthographic":false}