{"cameraMode":{"drawMode":0,"name":"Shaded","section":"Shading Mode"},"sceneLighting":false,"audioPlay":false,"sceneViewState":{"showFog":false,"showMaterialUpdate":false,"showSkybox":false,"showFlares":false,"showImageEffects":false,"showParticleSystems":false},"in2DMode":false,"pivot":{"x":7.2416863441467289,"y":7.967105865478516,"z":71.1723403930664},"rotation":{"x":-0.002410757588222623,"y":0.9837672710418701,"z":-0.17932811379432679,"w":-0.01298103854060173},"size":1.0919442176818848,"orthographic":false}